,Country Name,Country Code,1990,2000,2010,2011,2012,2013,2014,2015,2016,2017,2018,2019
0,Afghanistan,AFG,7.466,7.485,5.977,5.77,5.562,5.359,5.163,4.976,4.8,4.633,4.473,..
1,Albania,ALB,2.978,2.157,1.66,1.673,1.684,1.69,1.688,1.677,1.659,1.638,1.617,..
2,Algeria,DZA,4.726,2.514,2.86,2.909,2.952,2.99,3.022,3.043,3.052,3.045,3.023,..
3,American Samoa,ASM,..,..,..,..,..,..,..,..,..,..,..,..
4,Andorra,AND,..,..,1.27,..,..,..,..,..,..,..,..,..
5,Angola,AGO,7.272,6.639,6.194,6.12,6.039,5.953,5.864,5.774,5.686,5.6,5.519,..
6,Antigua and Barbuda,ATG,2.067,2.2,1.988,1.989,1.993,1.998,2.001,2.003,2.003,1.999,1.994,..
7,Argentina,ARG,2.997,2.542,2.346,2.338,2.33,2.322,2.312,2.301,2.288,2.275,2.261,..
8,Armenia,ARM,2.544,1.648,1.722,1.724,1.725,1.728,1.732,1.738,1.744,1.75,1.755,..
9,Aruba,ABW,2.249,1.872,1.768,1.779,1.795,1.813,1.834,1.854,1.872,1.886,1.896,..
10,Australia,AUS,1.902,1.756,1.928,1.926,1.92,1.855,1.826,1.814,1.752,1.741,1.74,..
11,Austria,AUT,1.46,1.36,1.44,1.43,1.44,1.44,1.46,1.49,1.53,1.52,1.47,..
12,Azerbaijan,AZE,2.74,2,1.92,1.96,2,1.98,1.97,1.94,1.9,1.75,1.73,..
13,"Bahamas, The",BHS,2.64,2.073,1.865,1.847,1.828,1.81,1.794,1.782,1.771,1.762,1.752,..
14,Bahrain,BHR,3.732,2.795,2.164,2.139,2.118,2.098,2.078,2.056,2.033,2.01,1.987,..
15,Bangladesh,BGD,4.495,3.169,2.324,2.273,2.228,2.188,2.152,2.12,2.09,2.062,2.036,..
16,Barbados,BRB,1.74,1.775,1.687,1.665,1.645,1.63,1.62,1.614,1.613,1.615,1.619,..
17,Belarus,BLR,1.913,1.317,1.494,1.515,1.62,1.668,1.696,1.724,1.733,1.541,1.448,..
18,Belgium,BEL,1.62,1.67,1.86,1.81,1.8,1.76,1.74,1.7,1.68,1.65,1.62,..
19,Belize,BLZ,4.508,3.601,2.69,2.638,2.588,2.539,2.489,2.439,2.391,2.346,2.307,..
20,Benin,BEN,6.744,5.962,5.362,5.305,5.246,5.183,5.116,5.047,4.977,4.906,4.836,..
21,Bermuda,BMU,..,1.74,1.76,1.59,1.59,1.63,1.63,1.62,1.61,1.6,1.6,..
22,Bhutan,BTN,5.493,3.515,2.301,2.224,2.159,2.107,2.067,2.037,2.014,1.994,1.975,..
23,Bolivia,BOL,4.89,4.051,3.213,3.143,3.076,3.01,2.947,2.886,2.829,2.777,2.73,..
24,Bosnia and Herzegovina,BIH,1.772,1.497,1.315,1.315,1.313,1.309,1.303,1.296,1.286,1.276,1.265,..
25,Botswana,BWA,4.485,3.304,3.022,3.017,3.011,3.002,2.988,2.968,2.942,2.91,2.874,..
26,Brazil,BRA,2.902,2.3,1.796,1.781,1.771,1.764,1.758,1.753,1.747,1.739,1.73,..
27,British Virgin Islands,VGB,..,..,..,..,..,..,..,..,..,..,..,..
28,Brunei Darussalam,BRN,3.29,2.346,1.937,1.957,1.973,1.978,1.969,1.947,1.915,1.881,1.848,..
29,Bulgaria,BGR,1.82,1.26,1.57,1.51,1.5,1.48,1.53,1.53,1.54,1.56,1.56,..
30,Burkina Faso,BFA,7.007,6.592,5.867,5.781,5.693,5.606,5.521,5.436,5.353,5.271,5.189,..
31,Burundi,BDI,7.405,6.92,6.179,6.088,5.994,5.897,5.797,5.697,5.599,5.502,5.41,..
32,Cabo Verde,CPV,5.392,3.539,2.581,2.539,2.5,2.463,2.425,2.385,2.346,2.309,2.274,..
33,Cambodia,KHM,5.601,3.805,2.875,2.804,2.739,2.682,2.633,2.593,2.559,2.53,2.503,..
34,Cameroon,CMR,6.436,5.58,5.111,5.049,4.984,4.916,4.847,4.777,4.708,4.639,4.572,..
35,Canada,CAN,1.83,1.488,1.6269,1.61,1.6142,1.587,1.5818,1.563,1.5433,1.4961,1.4988,..
36,Cayman Islands,CYM,..,..,..,..,..,..,..,..,..,..,..,..
37,Central African Republic,CAF,5.811,5.5,5.215,5.172,5.123,5.068,5.007,4.941,4.87,4.796,4.721,..
38,Chad,TCD,7.313,7.354,6.592,6.482,6.372,6.262,6.154,6.049,5.947,5.846,5.747,..
39,Channel Islands,CHI,1.483,1.526,1.585,1.586,1.58,1.569,1.556,1.541,1.527,1.516,1.51,..
40,Chile,CHL,2.579,2.055,1.884,1.87,1.849,1.821,1.787,1.75,1.713,1.678,1.649,..
41,China,CHN,2.309,1.596,1.627,1.632,1.639,1.647,1.656,1.665,1.675,1.683,1.69,..
42,Colombia,COL,3.082,2.572,1.992,1.958,1.93,1.905,1.883,1.863,1.843,1.825,1.807,..
43,Comoros,COM,6.412,5.384,4.754,4.693,4.628,4.561,4.491,4.419,4.347,4.275,4.205,..
44,"Congo, Dem. Rep.",COD,6.746,6.751,6.544,6.493,6.432,6.363,6.287,6.203,6.112,6.017,5.919,..
45,"Congo, Rep.",COG,5.119,4.871,4.765,4.742,4.712,4.676,4.634,4.587,4.536,4.482,4.428,..
46,Costa Rica,CRI,3.264,2.363,1.885,1.869,1.853,1.838,1.823,1.806,1.789,1.772,1.754,..
47,Cote d'Ivoire,CIV,6.622,5.87,5.088,5.029,4.974,4.92,4.867,4.813,4.759,4.704,4.649,..
48,Croatia,HRV,1.63,1.39,1.55,1.48,1.51,1.46,1.46,1.4,1.42,1.42,1.47,..
49,Cuba,CUB,1.714,1.603,1.647,1.668,1.683,1.689,1.686,1.674,1.656,1.637,1.618,..
50,Curacao,CUW,..,..,2.2,2.1,2.2,2.1,2,1.9,1.7,1.5,1.7,..
51,Cyprus,CYP,2.411,1.716,1.424,1.406,1.39,1.376,1.364,1.354,1.345,1.337,1.329,..
52,Czech Republic,CZE,1.9,1.15,1.51,1.43,1.45,1.46,1.53,1.57,1.63,1.69,1.71,..
53,Denmark,DNK,1.67,1.77,1.87,1.75,1.73,1.67,1.69,1.71,1.79,1.75,1.73,..
54,Djibouti,DJI,6.073,4.484,3.3,3.213,3.131,3.054,2.981,2.912,2.846,2.785,2.728,..
55,Dominica,DMA,..,..,..,..,..,..,..,..,..,..,..,..
56,Dominican Republic,DOM,3.411,2.839,2.503,2.481,2.46,2.441,2.423,2.405,2.387,2.367,2.346,..
57,Ecuador,ECU,3.744,3.102,2.615,2.59,2.567,2.544,2.522,2.499,2.475,2.451,2.427,..
58,"Egypt, Arab Rep.",EGY,4.58,3.34,3.233,3.311,3.377,3.421,3.441,3.436,3.41,3.37,3.326,..
59,El Salvador,SLV,3.964,3.022,2.265,2.224,2.187,2.154,2.126,2.101,2.079,2.059,2.039,..
60,Equatorial Guinea,GNQ,5.987,5.834,5.209,5.126,5.04,4.952,4.863,4.774,4.686,4.599,4.513,..
61,Eritrea,ERI,6.496,5.321,4.571,4.486,4.407,4.335,4.273,4.217,4.164,4.112,4.056,..
62,Estonia,EST,2.05,1.36,1.72,1.61,1.56,1.52,1.54,1.58,1.6,1.59,1.67,..
63,Eswatini,SWZ,5.106,3.915,3.342,3.264,3.195,3.139,3.097,3.065,3.041,3.018,2.99,..
64,Ethiopia,ETH,7.246,6.543,5.136,5.017,4.901,4.787,4.675,4.565,4.456,4.35,4.247,..
65,Faroe Islands,FRO,2.8,2.6,2.5,2.3,2.6,2.5,2.6,2.4,2.6,2.5,2.5,..
66,Fiji,FJI,3.398,3.09,2.752,2.761,2.773,2.786,2.795,2.8,2.797,2.788,2.774,..
67,Finland,FIN,1.78,1.73,1.87,1.83,1.8,1.75,1.71,1.65,1.57,1.49,1.41,..
68,France,FRA,1.77,1.89,2.03,2.01,2.01,1.99,2,1.96,1.92,1.9,1.88,..
69,French Polynesia,PYF,3.401,2.463,2.095,2.07,2.048,2.027,2.008,1.99,1.973,1.956,1.941,..
70,Gabon,GAB,5.442,4.533,4.146,4.129,4.113,4.098,4.083,4.064,4.039,4.008,3.969,..
71,"Gambia, The",GMB,6.096,5.879,5.583,5.552,5.518,5.48,5.437,5.39,5.338,5.281,5.219,..
72,Georgia,GEO,2.18,1.608,1.911,1.95,1.984,2.012,2.034,2.05,2.059,2.062,2.06,..
73,Germany,DEU,1.45,1.38,1.39,1.39,1.41,1.42,1.47,1.5,1.6,1.57,1.57,..
74,Ghana,GHA,5.602,4.826,4.273,4.234,4.192,4.146,4.095,4.041,3.984,3.926,3.87,..
75,Gibraltar,GIB,..,..,..,..,..,..,..,..,..,..,..,..
76,Greece,GRC,1.39,1.25,1.48,1.4,1.34,1.29,1.3,1.33,1.38,1.35,1.35,..
77,Greenland,GRL,2.444,2.329,2.195,2.117,2.019,2.077,2.037,2.01,2,2.09,2,..
78,Grenada,GRD,3.842,2.582,2.24,2.217,2.194,2.171,2.148,2.126,2.104,2.083,2.063,..
79,Guam,GUM,3.013,2.824,2.488,2.469,2.45,2.429,2.406,2.383,2.358,2.334,2.313,..
80,Guatemala,GTM,5.437,4.598,3.375,3.292,3.219,3.151,3.088,3.029,2.973,2.92,2.87,..
81,Guinea,GIN,6.598,6.082,5.336,5.256,5.175,5.094,5.013,4.933,4.854,4.777,4.7,..
82,Guinea-Bissau,GNB,6.627,5.82,5.049,4.987,4.923,4.855,4.783,4.708,4.631,4.553,4.476,..
83,Guyana,GUY,3.069,3.017,2.655,2.63,2.606,2.582,2.558,2.534,2.509,2.485,2.462,..
84,Haiti,HTI,5.43,4.344,3.427,3.356,3.288,3.223,3.159,3.098,3.041,2.986,2.935,..
85,Honduras,HND,5.123,4.237,2.957,2.86,2.774,2.699,2.635,2.581,2.536,2.496,2.46,..
86,"Hong Kong SAR, China",HKG,1.272,1.032,1.127,1.204,1.285,1.125,1.235,1.196,1.205,1.125,1.072,..
87,Hungary,HUN,1.87,1.32,1.25,1.23,1.34,1.35,1.44,1.45,1.53,1.54,1.55,..
88,Iceland,ISL,2.3,2.08,2.2,2.02,2.04,1.93,1.93,1.8,1.74,1.71,1.71,..
89,India,IND,4.045,3.311,2.581,2.506,2.439,2.381,2.333,2.295,2.266,2.243,2.222,..
90,Indonesia,IDN,3.122,2.512,2.483,2.471,2.455,2.436,2.413,2.389,2.362,2.336,2.311,..
91,"Iran, Islamic Rep.",IRN,4.691,2.067,1.839,1.866,1.901,1.945,1.993,2.041,2.083,2.116,2.137,..
92,Iraq,IRQ,5.882,4.94,4.343,4.301,4.243,4.168,4.076,3.972,3.864,3.762,3.672,..
93,Ireland,IRL,2.11,1.89,2.05,2.03,1.98,1.93,1.89,1.85,1.81,1.77,1.75,..
94,Isle of Man,IMN,..,..,..,..,..,..,..,..,..,..,..,..
95,Israel,ISR,2.824,2.95,3.03,2.98,3.05,3.03,3.08,3.09,3.11,3.11,3.09,..
96,Italy,ITA,1.33,1.26,1.46,1.44,1.43,1.39,1.37,1.35,1.34,1.32,1.29,..
97,Jamaica,JAM,2.947,2.577,2.173,2.136,2.102,2.072,2.047,2.026,2.009,1.993,1.979,..
98,Japan,JPN,1.54,1.359,1.39,1.39,1.41,1.43,1.42,1.45,1.44,1.43,1.42,..
99,Jordan,JOR,5.521,4.109,3.631,3.541,3.436,3.319,3.196,3.071,2.954,2.849,2.761,..
100,Kazakhstan,KAZ,2.72,1.8,2.6,2.59,2.62,2.64,2.74,2.73,2.73,2.73,2.84,..
101,Kenya,KEN,6.066,5.178,4.369,4.248,4.123,3.999,3.879,3.765,3.663,3.572,3.492,..
102,Kiribati,KIR,4.688,4.058,3.843,3.822,3.796,3.765,3.73,3.692,3.651,3.61,3.569,..
103,"Korea, Dem. Peopleâ€™s Rep.",PRK,2.289,1.991,1.938,1.934,1.931,1.929,1.926,1.922,1.917,1.911,1.904,..
104,"Korea, Rep.",KOR,1.57,1.467,1.226,1.244,1.297,1.187,1.205,1.239,1.172,1.052,0.977,..
105,Kosovo,XKX,3.9,2.95,2.29,2.24,2.19,2.16,2.13,2.09,2.06,2.02,2,..
106,Kuwait,KWT,2.967,2.845,2.234,2.182,2.139,2.109,2.09,2.083,2.082,2.083,2.082,..
107,Kyrgyz Republic,KGZ,3.63,2.4,3.1,3.1,3.2,3.1,3.2,3.2,3.1,3,3.3,..
108,Lao PDR,LAO,6.151,4.311,3.143,3.056,2.977,2.907,2.847,2.796,2.751,2.709,2.667,..
109,Latvia,LVA,2.02,1.25,1.36,1.33,1.44,1.52,1.65,1.7,1.74,1.69,1.6,..
110,Lebanon,LBN,3.372,2.405,1.966,2.002,2.038,2.069,2.091,2.103,2.104,2.097,2.087,..
111,Lesotho,LSO,4.721,3.792,3.302,3.282,3.265,3.25,3.235,3.218,3.197,3.171,3.141,..
112,Liberia,LBR,6.499,5.866,4.971,4.881,4.793,4.706,4.621,4.54,4.461,4.387,4.315,..
113,Libya,LBY,4.966,2.851,2.478,2.466,2.447,2.423,2.392,2.356,2.317,2.277,2.24,..
114,Liechtenstein,LIE,..,1.57,1.4,1.69,1.51,1.45,1.59,1.4,1.61,1.44,1.58,..
115,Lithuania,LTU,2.03,1.39,1.5,1.55,1.6,1.59,1.63,1.7,1.69,1.63,1.63,..
116,Luxembourg,LUX,1.6,1.76,1.63,1.52,1.57,1.55,1.5,1.47,1.41,1.39,1.38,..
117,"Macao SAR, China",MAC,1.722,0.95,1.093,1.131,1.161,1.183,1.196,1.203,1.207,1.211,1.217,..
118,Madagascar,MDG,6.179,5.551,4.603,4.52,4.442,4.369,4.302,4.241,4.184,4.13,4.077,..
119,Malawi,MWI,6.872,6.098,5.332,5.161,4.988,4.821,4.666,4.527,4.407,4.302,4.209,..
120,Malaysia,MYS,3.554,2.784,2.149,2.129,2.11,2.092,2.074,2.056,2.037,2.019,2.001,..
121,Maldives,MDV,6.003,2.771,2.206,2.171,2.129,2.084,2.038,1.991,1.947,1.906,1.87,..
122,Mali,MLI,7.165,6.897,6.547,6.474,6.396,6.315,6.231,6.145,6.057,5.968,5.877,..
123,Malta,MLT,2.02,1.68,1.36,1.45,1.42,1.36,1.38,1.37,1.37,1.26,1.23,..
124,Marshall Islands,MHL,..,..,..,4.05,..,..,..,..,..,..,..,..
125,Mauritania,MRT,5.881,5.413,4.98,4.939,4.895,4.847,4.794,4.738,4.679,4.619,4.561,..
126,Mauritius,MUS,2.32,1.99,1.57,1.55,1.54,1.44,1.43,1.36,1.4,1.44,1.41,..
127,Mexico,MEX,3.47,2.716,2.34,2.317,2.294,2.27,2.243,2.215,2.186,2.157,2.129,..
128,"Micronesia, Fed. Sts.",FSM,4.958,4.3,3.46,3.402,3.347,3.294,3.243,3.193,3.145,3.098,3.053,..
129,Moldova,MDA,2.414,1.435,1.275,1.276,1.273,1.27,1.265,1.261,1.259,1.259,1.262,..
130,Monaco,MCO,..,..,..,..,..,..,..,..,..,..,..,..
131,Mongolia,MNG,4.052,2.141,2.637,2.722,2.794,2.852,2.894,2.918,2.923,2.914,2.895,..
132,Montenegro,MNE,2.078,1.875,1.76,1.741,1.728,1.72,1.719,1.723,1.73,1.738,1.745,..
133,Morocco,MAR,4.047,2.771,2.567,2.576,2.579,2.571,2.552,2.524,2.489,2.451,2.415,..
134,Mozambique,MOZ,6.211,5.826,5.392,5.329,5.264,5.198,5.131,5.062,4.992,4.922,4.852,..
135,Myanmar,MMR,3.447,2.878,2.359,2.312,2.274,2.242,2.217,2.198,2.182,2.168,2.154,..
136,Namibia,NAM,5.219,3.88,3.631,3.632,3.623,3.604,3.577,3.54,3.496,3.447,3.396,..
137,Nauru,NRU,..,..,..,..,..,..,..,..,..,..,..,..
138,Nepal,NPL,5.172,3.955,2.542,2.444,2.351,2.261,2.176,2.098,2.027,1.967,1.917,..
139,Netherlands,NLD,1.62,1.72,1.79,1.76,1.72,1.68,1.71,1.66,1.66,1.62,1.59,..
140,New Caledonia,NCL,3.18,2.59,2.2,2.15,2.28,2.19,2.17,2.06,2.08,1.97,1.97,..
141,New Zealand,NZL,2.18,1.98,2.17,2.09,2.1,2.01,1.92,1.99,1.87,1.81,1.71,..
142,Nicaragua,NIC,4.596,3.111,2.601,2.575,2.55,2.526,2.503,2.48,2.455,2.43,2.404,..
143,Niger,NER,7.772,7.679,7.473,7.429,7.376,7.314,7.245,7.169,7.087,7.001,6.913,..
144,Nigeria,NGA,6.49,6.106,5.839,5.802,5.758,5.709,5.653,5.592,5.526,5.457,5.387,..
145,North Macedonia,MKD,2.206,1.723,1.468,1.477,1.488,1.497,1.504,1.507,1.506,1.501,1.496,..
146,Northern Mariana Islands,MNP,..,..,..,..,..,..,..,..,..,..,..,..
147,Norway,NOR,1.93,1.85,1.95,1.88,1.85,1.78,1.75,1.72,1.71,1.62,1.56,..
148,Oman,OMN,7.165,3.716,2.873,2.882,2.896,2.913,2.93,2.939,2.937,2.92,2.888,..
149,Pakistan,PAK,6.164,5.037,3.951,3.88,3.816,3.759,3.708,3.66,3.612,3.562,3.51,..
150,Palau,PLW,2.84,1.83,..,..,2.23,..,..,2.21,..,..,..,..
151,Panama,PAN,3.057,2.744,2.622,2.613,2.601,2.584,2.564,2.54,2.514,2.487,2.461,..
152,Papua New Guinea,PNG,4.802,4.525,3.985,3.926,3.869,3.812,3.758,3.707,3.657,3.61,3.564,..
153,Paraguay,PRY,4.547,3.553,2.73,2.675,2.625,2.581,2.542,2.508,2.479,2.453,2.429,..
154,Peru,PER,3.912,2.845,2.546,2.493,2.441,2.394,2.355,2.323,2.297,2.275,2.254,..
155,Philippines,PHL,4.32,3.811,3.18,3.121,3.055,2.979,2.894,2.805,2.718,2.64,2.576,..
156,Poland,POL,2.06,1.37,1.41,1.33,1.33,1.29,1.32,1.32,1.39,1.48,1.46,..
157,Portugal,PRT,1.56,1.55,1.39,1.35,1.28,1.21,1.23,1.31,1.36,1.38,1.42,..
158,Puerto Rico,PRI,2.219,2.0485,1.6235,1.5965,1.5425,1.47,1.432,1.3365,1.2425,1.101,1.035,..
159,Qatar,QAT,4.013,3.236,2.07,2.027,1.997,1.972,1.95,1.929,1.907,1.886,1.866,..
160,Romania,ROU,1.83,1.31,1.59,1.47,1.52,1.46,1.56,1.62,1.69,1.71,1.76,..
161,Russian Federation,RUS,1.892,1.195,1.567,1.582,1.691,1.707,1.75,1.777,1.762,1.62,1.57,..
162,Rwanda,RWA,7.184,5.64,4.52,4.412,4.322,4.251,4.197,4.157,4.123,4.088,4.044,..
163,Samoa,WSM,5.118,4.503,4.338,4.277,4.212,4.147,4.086,4.029,3.976,3.926,3.877,..
164,San Marino,SMR,..,..,..,..,1.26,..,..,..,..,..,..,..
165,Sao Tome and Principe,STP,5.828,5.176,4.727,4.677,4.627,4.577,4.527,4.477,4.426,4.374,4.321,..
166,Saudi Arabia,SAU,5.911,3.971,2.97,2.871,2.773,2.678,2.589,2.507,2.435,2.373,2.319,..
167,Senegal,SEN,6.448,5.448,5.064,5.039,5.005,4.96,4.905,4.841,4.77,4.697,4.625,..
168,Serbia,SRB,..,1.48,1.4,1.4,1.45,1.43,1.46,1.46,1.46,1.49,1.49,..
169,Seychelles,SYC,..,2.08,2.16,2.33,2.37,2.26,2.25,2.31,2.39,2.41,2.41,..
170,Sierra Leone,SLE,6.721,6.319,5.202,5.06,4.923,4.793,4.672,4.561,4.457,4.359,4.263,..
171,Singapore,SGP,1.83,1.6,1.15,1.2,1.29,1.19,1.25,1.24,1.2,1.16,1.14,..
172,Sint Maarten (Dutch part),SXM,..,..,..,2.03,..,..,..,..,..,..,..,..
173,Slovak Republic,SVK,2.09,1.3,1.43,1.45,1.34,1.34,1.37,1.4,1.48,1.52,1.54,..
174,Slovenia,SVN,1.46,1.26,1.57,1.56,1.58,1.55,1.58,1.57,1.58,1.62,1.6,..
175,Solomon Islands,SLB,5.851,4.719,4.403,4.413,4.428,4.443,4.455,4.459,4.452,4.434,4.403,..
176,Somalia,SOM,7.398,7.627,6.865,6.765,6.664,6.563,6.462,6.363,6.265,6.168,6.072,..
177,South Africa,ZAF,3.964,2.694,2.598,2.582,2.561,2.537,2.511,2.484,2.457,2.43,2.405,..
178,South Sudan,SSD,6.761,6.223,5.376,5.286,5.197,5.108,5.022,4.937,4.855,4.775,4.696,..
179,Spain,ESP,1.36,1.22,1.37,1.34,1.32,1.27,1.32,1.33,1.34,1.31,1.26,..
180,Sri Lanka,LKA,2.483,2.24,2.248,2.237,2.227,2.22,2.216,2.213,2.211,2.206,2.199,..
181,St. Kitts and Nevis,KNA,..,..,..,..,..,..,..,..,..,..,..,..
182,St. Lucia,LCA,3.399,2.202,1.538,1.522,1.508,1.496,1.485,1.473,1.461,1.448,1.436,..
183,St. Martin (French part),MAF,2.12,1.83,1.82,1.82,1.82,1.81,1.81,1.81,1.81,1.81,1.81,..
184,St. Vincent and the Grenadines,VCT,2.956,2.379,2.07,2.046,2.021,1.998,1.975,1.953,1.931,1.911,1.891,..
185,Sudan,SDN,6.152,5.471,4.876,4.824,4.771,4.715,4.656,4.594,4.532,4.469,4.407,..
186,Suriname,SUR,3.267,2.895,2.61,2.587,2.565,2.543,2.519,2.494,2.469,2.443,2.418,..
187,Sweden,SWE,2.13,1.54,1.98,1.9,1.91,1.89,1.88,1.85,1.85,1.78,1.76,..
188,Switzerland,CHE,1.58,1.5,1.52,1.52,1.52,1.52,1.54,1.54,1.54,1.52,1.52,..
189,Syrian Arab Republic,SYR,5.309,4.076,3.404,3.29,3.181,3.085,3.005,2.94,2.889,2.847,2.808,..
190,Tajikistan,TJK,5.225,3.967,3.599,3.603,3.608,3.615,3.621,3.623,3.618,3.606,3.585,..
191,Tanzania,TZA,6.213,5.689,5.427,5.358,5.287,5.215,5.146,5.079,5.015,4.953,4.892,..
192,Thailand,THA,2.113,1.671,1.542,1.539,1.538,1.538,1.538,1.538,1.537,1.532,1.525,..
193,Timor-Leste,TLS,5.478,6.113,4.805,4.637,4.497,4.383,4.292,4.219,4.156,4.093,4.023,..
194,Togo,TGO,6.185,5.419,4.868,4.798,4.727,4.656,4.585,4.516,4.449,4.384,4.32,..
195,Tonga,TON,4.644,4.25,3.913,3.864,3.815,3.768,3.722,3.678,3.636,3.595,3.556,..
196,Trinidad and Tobago,TTO,2.453,1.753,1.806,1.804,1.799,1.79,1.78,1.767,1.753,1.739,1.725,..
197,Tunisia,TUN,3.476,2.142,2.14,2.182,2.216,2.24,2.252,2.251,2.238,2.219,2.197,..
198,Turkey,TUR,3.107,2.503,2.151,2.137,2.126,2.117,2.109,2.101,2.092,2.081,2.069,..
199,Turkmenistan,TKM,4.344,2.824,2.833,2.892,2.936,2.958,2.956,2.93,2.887,2.836,2.786,..
200,Turks and Caicos Islands,TCA,..,..,..,..,..,..,..,..,..,..,..,..
201,Tuvalu,TUV,..,..,..,..,..,..,..,..,..,..,..,..
202,Uganda,UGA,7.091,6.866,6.111,5.983,5.845,5.699,5.547,5.394,5.242,5.095,4.955,..
203,Ukraine,UKR,1.844,1.11,1.443,1.459,1.531,1.506,1.498,1.506,1.466,1.374,1.301,..
204,United Arab Emirates,ARE,4.454,2.644,1.819,1.763,1.708,1.651,1.595,1.541,1.491,1.448,1.413,..
205,United Kingdom,GBR,1.83,1.64,1.92,1.91,1.92,1.83,1.81,1.8,1.79,1.74,1.68,..
206,United States,USA,2.081,2.056,1.931,1.8945,1.8805,1.8575,1.8625,1.8435,1.8205,1.7655,1.7295,..
207,Uruguay,URY,2.52,2.237,2.011,2.008,2.006,2.004,2.002,1.997,1.991,1.983,1.973,..
208,Uzbekistan,UZB,4.072,2.58,2.342,2.236,2.193,2.35,2.457,2.491,2.455,2.419,2.419,..
209,Vanuatu,VUT,4.926,4.492,4.1,4.06,4.019,3.979,3.939,3.898,3.859,3.82,3.782,..
210,"Venezuela, RB",VEN,3.448,2.822,2.471,2.444,2.417,2.39,2.365,2.34,2.317,2.294,2.272,..
211,Vietnam,VNM,3.553,2.01,1.938,1.949,1.962,1.978,1.996,2.014,2.03,2.042,2.049,..
212,Virgin Islands (U.S.),VIR,2.954,2.06,2.3,2.16,2.05,2.07,2.09,2.11,2.09,2.08,2.06,..
213,West Bank and Gaza,PSE,6.718,5.383,4.437,4.36,4.272,4.174,4.067,3.955,3.844,3.738,3.643,..
214,"Yemen, Rep.",YEM,8.606,6.313,4.674,4.554,4.439,4.326,4.214,4.103,3.994,3.89,3.792,..
215,Zambia,ZMB,6.442,6.036,5.415,5.328,5.233,5.132,5.026,4.918,4.814,4.718,4.633,..
216,Zimbabwe,ZWE,4.862,3.748,4.034,4.059,4.058,4.03,3.974,3.896,3.804,3.707,3.615,..
217,Arab World,ARB,5.18683154498341,3.84571251166394,3.47038387969507,3.46310013935744,3.45065363473473,3.43046377914818,3.40205868806614,3.36522109156331,3.32246533909526,3.27655324685681,3.23109116281189,..
218,Caribbean small states,CSS,2.86576672174842,2.4382387231067,2.15318392343917,2.1294329407816,2.10645264394422,2.08447974591562,2.06426937688754,2.04525034377877,2.02764564124913,2.01075293797641,1.99513374094777,..
219,Central Europe and the Baltics,CEB,1.93108193298594,1.31774313379457,1.46522797949093,1.39613196746501,1.41572763588591,1.38796981730419,1.44318176425587,1.46198536446873,1.52178119070029,1.56782862473768,1.57440866769923,..
220,Early-demographic dividend,EAR,4.22526471097874,3.34281121803906,2.77213199940731,2.72359390587976,2.67954628854527,2.64089428028414,2.60536815680887,2.57259916104026,2.54162629326316,2.51302607899821,2.48589966819634,..
221,East Asia & Pacific,EAS,2.47190123602228,1.85059277413889,1.81964913899649,1.82263955953272,1.82871607936083,1.82511397249319,1.8277160860106,1.83108163807983,1.8296112655581,1.82594941457219,1.82300418676373,..
222,East Asia & Pacific (excluding high income),EAP,2.58722026267367,1.89644369075231,1.86901989728792,1.86938720405721,1.87069864405132,1.87217534453099,1.87366642126433,1.87499325371724,1.87629990470195,1.87652402875504,1.87654358342023,..
223,East Asia & Pacific (IDA & IBRD countries),TEA,2.5913063218293,1.89527342236987,1.86816875298857,1.86858697329125,1.86994786953963,1.87146357437046,1.87300725325876,1.87439867348472,1.87578391580701,1.87608644272142,1.87619484195814,..
224,Euro area,EMU,1.53425067118278,1.47089341004761,1.58036766735378,1.5620923781408,1.55440971782965,1.53045745553952,1.55137877880459,1.54977660219913,1.56899689181231,1.54547737502586,1.52567766444765,..
225,Europe & Central Asia,ECS,1.95752731459687,1.55662403482253,1.7285358987521,1.71386302496908,1.73995816780372,1.7301486869454,1.7574912309871,1.76468661529596,1.77096921287743,1.7297425916494,1.71073638784314,..
226,Europe & Central Asia (excluding high income),ECA,2.34212338887613,1.64218813722973,1.85243265183947,1.84967749588,1.90492913173847,1.92007853409907,1.95761898868019,1.97442738793689,1.96363109650558,1.89493671208018,1.87939783355801,..
227,Europe & Central Asia (IDA & IBRD countries),TEC,2.30797269881648,1.61585987458647,1.8136585315837,1.80426708553526,1.85497408276124,1.86525730096745,1.90206668952037,1.91719483467325,1.91333182278046,1.85811199770403,1.84298963106596,..
228,European Union,EUU,1.63480305380372,1.44128713930823,1.56730970817445,1.53353400371744,1.53327049963174,1.50733811339319,1.53528332001578,1.53724639716132,1.5661463653879,1.55748600849838,1.54345225719826,..
229,Fragile and conflict affected situations,FCS,5.91331772779364,5.38495003741306,4.97744767811392,4.92803308082402,4.87578221874638,4.82135269111467,4.76477215695501,4.70662117444698,4.64828015928324,4.59039168627862,4.53312810103357,..
230,Heavily indebted poor countries (HIPC),HPC,6.58926279471904,6.06808634174743,5.36705978383871,5.28505013438195,5.20142544993786,5.11663303447229,5.03154581517457,4.94664611649738,4.8623332415855,4.77957907325473,4.69865230106284,..
231,High income,HIC,1.85185187008049,1.70887640492495,1.70517132108451,1.68807844216941,1.69354746781387,1.6598365384003,1.66939554460695,1.66530859588544,1.65929107630232,1.62533865380421,1.59793818579611,..
232,IBRD only,IBD,3.07680913118992,2.35801227437481,2.15577361427293,2.13884251978826,2.12929946181911,2.11637477576316,2.10767499709205,2.09906673194768,2.09061749061253,2.07781179319211,2.06801195208044,..
233,IDA & IBRD total,IBT,3.5781597606448,2.8897917253253,2.65647674921259,2.63654415544905,2.62299928162826,2.60798005538056,2.59644042673267,2.5847680771575,2.57242737641223,2.55704453821981,2.54486238119783,..
234,IDA blend,IDB,5.95754976535668,5.1209931141272,4.51201358060329,4.45152577555495,4.39692256692313,4.35687527610258,4.31282508712079,4.26338328800254,4.20774483933229,4.15186761962313,4.09870512994099,..
235,IDA only,IDX,5.85982768237902,5.08699405313283,4.39253159755146,4.3269047731574,4.26402888103715,4.20156497680926,4.14216787301833,4.08380429036174,4.02533600666734,3.96869213627767,3.91595195412091,..
236,IDA total,IDA,5.89249876209955,5.09837604952896,4.432696836062,4.36880291900783,4.30869012343432,4.25373847809071,4.19946988464295,4.14406418407647,4.08648021854009,4.03002383655669,3.97707251027983,..
237,Late-demographic dividend,LTE,2.42694712577705,1.7213738367091,1.70733108551148,1.70823307189803,1.71966753781896,1.72370681014173,1.73383968485236,1.74057185444617,1.74597199111826,1.741245551961,1.74204875676015,..
238,Latin America & Caribbean,LCN,3.25795065209044,2.62709721383278,2.18640224786585,2.16337451449673,2.14272541934452,2.12322622017097,2.10425271794982,2.08547017164815,2.06649428368767,2.04715125804719,2.02858226145466,..
239,Latin America & Caribbean (excluding high income),LAC,3.300770709954,2.65453655619699,2.19862865716519,2.1749333825954,2.15407237590351,2.13479210286717,2.11604234360138,2.09793195984619,2.07963906686783,2.06109724137634,2.04263990899344,..
240,Latin America & the Caribbean (IDA & IBRD countries),TLA,3.31141584304255,2.65554369849722,2.2006477513314,2.17650421078463,2.15503545799847,2.13505051507051,2.11556395706992,2.09673031391272,2.07776136741143,2.05860145532565,2.03969584297629,..
241,Least developed countries: UN classification,LDC,5.9434850516573,5.20324701697348,4.50453847345595,4.43657030534846,4.37002445648689,4.30462205952131,4.2406963090415,4.17847406024741,4.11695694260902,4.05755157775094,4.00014762499683,..
242,Low & middle income,LMY,3.58761789885742,2.900291839086,2.6638472324407,2.64428226924527,2.63059652167057,2.61573365101878,2.6039166564799,2.5921716853565,2.5793456572105,2.56337215952292,2.55119482143533,..
243,Low income,LIC,6.3690157277804,5.8589100649963,5.14400481831324,5.06177364335403,4.97950518468773,4.89773865576672,4.81705663333869,4.73756767304717,4.65850966034833,4.58138759050257,4.50557307505932,..
244,Lower middle income,LMC,4.28517534787752,3.49621338076321,2.98835735723175,2.94209731173115,2.9007514105393,2.86283813139589,2.82833897986536,2.79659998549016,2.76560433678589,2.73677418214509,2.71116857692533,..
245,Middle East & North Africa,MEA,4.87763157276257,3.19350623784889,2.8962032246914,2.90410088188368,2.91069081182113,2.91027189309739,2.90421783225064,2.88941191962938,2.86693254727559,2.83924174877548,2.80894792227888,..
246,Middle East & North Africa (excluding high income),MNA,4.87459083119702,3.15375403304489,2.91852688792685,2.93891668115044,2.95570379203489,2.96619756617759,2.96815088853115,2.96005395162476,2.94138968212105,2.91607097848174,2.88716484758457,..
247,Middle East & North Africa (IDA & IBRD countries),TMN,4.85893387281261,3.13356929158998,2.90301466749742,2.92416014577676,2.94180712234366,2.95323714628702,2.95617486870982,2.94905143051931,2.93126518162217,2.90674512202197,2.8784472651793,..
248,Middle income,MIC,3.37286316932662,2.6532137902063,2.4207094585206,2.40255324432959,2.39087154958571,2.37786271008429,2.3681009331033,2.35829064914023,2.34738138613223,2.33279418539894,2.32228502428491,..
249,North America,NAC,2.05520555601872,1.99892714423944,1.90011885642028,1.86564157495125,1.85350006742936,1.83008920945042,1.83409535993976,1.81521661937205,1.7925235840092,1.73824473966037,1.7060324848442,..
250,Not classified,INX,..,..,..,..,..,..,..,..,..,..,..,..
251,OECD members,OED,1.97591456307598,1.80345557975817,1.78700329156801,1.76669326620949,1.76603644174043,1.74110112759014,1.7461554646038,1.74225567335976,1.73613874538935,1.70599690728239,1.681332724312,..
252,Other small states,OSS,4.39048828040966,3.63849355420056,3.25373478954171,3.22403528588815,3.20001678131745,3.17090434765284,3.15171498229554,3.12728936948762,3.10506634845747,3.07773816790274,3.04968113896274,..
253,Pacific island small states,PSS,4.36023921012814,3.86196037666048,3.57127725046604,3.56949699812421,3.57046192949146,3.5723018373789,3.57181278769641,3.56720500780804,3.55535270948386,3.53808937235926,3.5152278373114,..
254,Post-demographic dividend,PST,1.7490542907372,1.61460742750439,1.66163249959419,1.64487788850255,1.65229421682498,1.6241808950692,1.63312147301037,1.63163141374818,1.62331294060232,1.58115382474461,1.55168426647601,..
255,Pre-demographic dividend,PRE,6.57327770671778,6.10633073019214,5.59087795110013,5.51814800273511,5.44030938728674,5.35887604009151,5.27478325683253,5.18937848879241,5.10432139095006,5.02079551008723,4.93972658464533,..
256,Small states,SST,4.00769839170214,3.37466561363675,3.04258451429006,3.01793461189867,2.99777220893852,2.97406968459968,2.95786714440534,2.937829697237,2.91937657337309,2.89697138886424,2.87400250962284,..
257,South Asia,SAS,4.29989729046572,3.50721477445501,2.7458842006011,2.6747784499722,2.61119946053128,2.55569144871623,2.50876731415598,2.47007883573369,2.43806111280007,2.41061747795576,2.38474967074058,..
258,South Asia (IDA & IBRD),TSA,4.29989729046572,3.50721477445501,2.7458842006011,2.6747784499722,2.61119946053128,2.55569144871623,2.50876731415598,2.47007883573369,2.43806111280007,2.41061747795576,2.38474967074058,..
259,Sub-Saharan Africa,SSF,6.34773000454864,5.75529311205185,5.25798659383723,5.19521671393123,5.12831409811247,5.05832098863271,4.98626136739344,4.91289046130586,4.83867140641079,4.76519966437033,4.69324343789147,..
260,Sub-Saharan Africa (excluding high income),SSA,6.34773000454864,5.75582996111249,5.25835190454332,5.19553254757593,5.12860894257978,5.05861340525604,4.98653978284398,4.91314984316163,4.83890848076443,4.76542065063241,4.69345048487193,..
261,Sub-Saharan Africa (IDA & IBRD countries),TSS,6.34773000454864,5.75529311205185,5.25798659383723,5.19521671393123,5.12831409811247,5.05832098863271,4.98626136739344,4.91289046130586,4.83867140641079,4.76519966437033,4.69324343789147,..
262,Upper middle income,UMC,2.62111113652418,1.89582872082814,1.84985226769867,1.85172716415791,1.86216911284928,1.86679521997225,1.87486435127454,1.88016868599821,1.88280592397843,1.87560630003226,1.87350089738021,..
263,World,WLD,3.24847128102776,2.69602080460424,2.5164079871188,2.49880832693411,2.48938488431576,2.47301858291181,2.46564750799094,2.45626374851034,2.44557565303686,2.42819623848249,2.41503220525515,..

